{"cameraMode":{"drawMode":0,"name":"Shaded","section":"Shading Mode"},"sceneLighting":false,"audioPlay":false,"sceneViewState":{"m_AlwaysRefresh":false,"showFog":true,"showSkybox":false,"showFlares":true,"showImageEffects":true,"showParticleSystems":true,"showVisualEffectGraphs":true,"m_FxEnabled":true},"in2DMode":false,"pivot":{"x":-0.41291436553001406,"y":0.766166627407074,"z":1.305692434310913},"rotation":{"x":-0.0005497714155353606,"y":0.9993261694908142,"z":-0.016800161451101304,"w":-0.03268862143158913},"size":0.7659010887145996,"orthographic":false}