{"cameraMode":{"drawMode":0,"name":"Shaded","section":"Shading Mode"},"sceneLighting":false,"audioPlay":false,"sceneViewState":{"m_AlwaysRefresh":false,"showFog":true,"showSkybox":false,"showFlares":true,"showImageEffects":true,"showParticleSystems":true,"showVisualEffectGraphs":true,"m_FxEnabled":true},"in2DMode":false,"pivot":{"x":0.9062550663948059,"y":0.07512591034173966,"z":0.9901082515716553},"rotation":{"x":0.2467171549797058,"y":0.01162369828671217,"z":-0.0029594663064926864,"w":0.9690141081809998},"size":2.803041458129883,"orthographic":false}